"code","line","qty","unit","unit_cost","extended","confidence","basis"
"200","Excavation","92.3","bank yd³","59.59","5500","low","pool 78 + spa 8.3 yd³ (footprint 389 sq ft × 5.42 ft dig) +7% sloughing; 115 loose yd³, 9 trucks @14"
"200","Excavation — Site Work & Haul-off","115","loose yd³","13.04","1500","low","backfill trench, clean drive, cleanup + haul 115 loose yd³ (9 trucks) @ $13.04"
"400","Pool Shell — Rebar","1061","lb steel","3.77","4000","medium","2041 LF #3 grid + 440 LF #4 bond beam = 1061 lb (0.53 ton)"
"400","Pool Shell — Forming","100","LF perimeter","5.5","550","medium","100 LF perimeter @ $5.5/LF"
"400","Pool Shell — Gunite","27.3","yd³ paid","439.56","12000","high","887 sq ft @ 8in = 21.9 + bond beam 1.9 = 23.8 in-place +15% rebound"
"800","Pool Finishes — Tile / Materials","57","sq ft","34.21","1950","low","100 LF × 0.5 ft band +15% waste = 57 sq ft"
"800","Pool Finishes — Tile / Labor","100","LF waterline","25","2500","medium","100 LF waterline run @ $25/LF — labor follows the run, not the band area"
"800","Pool Finishes — Coping / Materials","106","LF","33.96","3600","medium","96 LF exposed perimeter +10% waste = 106 LF"
"800","Pool Finishes — Coping / Labor","106","LF","37.26","3950","medium","96 LF exposed perimeter +10% waste = 106 LF"
"800","Pool Finishes — Plaster / Materials","43","bags","87.21","3750","high","887 sq ft wetted ÷ 23 sq ft/bag +10% waste = 43 bags"
"800","Pool Finishes — Plaster / Labor","887","sq ft wetted","5.637","5000","medium","887 sq ft wetted @ $5.637/sq ft"
"500","Utilities — Bonding","224","LF #8 Cu","1.12","251","low","perimeter loop 124 LF + ~100 LF jumpers (material only; labor may sit in Electrician line)"
"1000","Pool Deck — Decorative Concrete","368","sq ft","13.59","5001","medium","4 ft border: 4×76 LF perimeter + 4 corners = 368 sq ft @ $13.59/sq ft"
"700","Pool Plumbing","755","LF PVC (blended w/ fittings)","10.73","8101","low","120 skimmer + 110 main drain + 220 returns + 110 spa suction/return + 140 spa jets + 55 spillway = 755 LF @ $10.73/LF blended (ref §3.6; pad distance 50 ft)"